{"cameraMode":{"drawMode":0,"name":"Shaded","section":"Shading Mode"},"sceneLighting":true,"audioPlay":false,"sceneViewState":{"m_AlwaysRefresh":false,"showFog":true,"showSkybox":true,"showFlares":true,"showImageEffects":true,"showParticleSystems":true,"showVisualEffectGraphs":true,"m_FxEnabled":true},"in2DMode":false,"pivot":{"x":5.599999904632568,"y":1.0993587970733643,"z":1.7999999523162842},"rotation":{"x":-0.7862793207168579,"y":0.01943803019821644,"z":0.02477562427520752,"w":0.6170750856399536},"size":3.2525711059570314,"orthographic":false}