{"cameraMode":{"drawMode":0,"name":"Shaded","section":"Shading Mode"},"sceneLighting":true,"audioPlay":false,"sceneViewState":{"m_AlwaysRefresh":false,"showFog":true,"showSkybox":true,"showFlares":true,"showImageEffects":true,"showParticleSystems":true,"showVisualEffectGraphs":true,"m_FxEnabled":true},"in2DMode":false,"pivot":{"x":1.1542072296142579,"y":1.8874006271362305,"z":1.4097741842269898},"rotation":{"x":0.0011183302849531174,"y":0.666340708732605,"z":-0.7456525564193726,"w":0.0010013004066422582},"size":2.875977039337158,"orthographic":false}